Headline,Description,Time,Category
Salah laps up contract acclaim - now Van Dijk may follow 'next week',Mohamed Salah's goal and assist numbers show his worth to Liverpool as he sets the record for a 38-game Premier League season.,11 hrs ago,Liverpool
Australia's looming election brings housing crisis into focus,"Australia's housing crisis has hit its worst point in decades, becoming a key issue in the upcoming election.",2 hrs ago,Australia
Severe floods hit Lanzarote after torrential rain,A state of emergency was declared in the Spanish Canary Island after 6cm (2.4in) of water fell in two hours on Saturday.,12 hrs ago,Europe
How industry leaders transformed their career,The BBC's Katty Kay has spoken to successful change-makers to ask what made them pivot in their career.,17 Jan 2024,Work Culture
"Relatives charged after boy, nine, killed in accidental shooting","Two people, including a teenager, were arrested in relation to the incident.",1 hr ago,Australia
'Pretty diabolical' - What Australians think of the housing crisis this election,The BBC spoke to people in Sydney about Australia's housing crisis and what they'd like to see politicians to do help.,1 hr ago,Australia
Four simple hacks to succeed in every conversation,"A career coach, a choreographer, a chef and a dragon boat captain offer advice on giving critical feedback.",15 Nov 2023,Work Culture
US coffee shops worried about bitter price hike after tariffs,"Higher prices are worrying independent US coffee shops, which import almost all their beans.",2 days ago,US & Canada
Ecuador's President Daniel Noboa wins re-election,"The sitting president's challenger in the closely fought race, Luisa González, has claimed fraud without producing evidence.",54 mins ago,Latin America
ASMR: How whispering took over the internet,We meet the creators behind the current ASMR boom.,4 Jan 2023,Work Culture
Australia's looming election brings housing crisis into focus,"Australia's housing crisis has hit its worst point in decades, becoming a key issue in the upcoming election.",2 hrs ago,Australia
General strike hits transport in Argentina,President Javier Milei has made sweeping cuts to public services since he took office 16 months ago.,3 days ago,Latin America
Will trade-shy India gain edge in tariff-driven slowdown?,India's trade detachment may cushion it as others scramble to adjust to Trump’s 90-day tariff pause.,3 days ago,Asia
Hundreds of flights cancelled in China as strong winds hit capital,"State media outlets earlier warned that people weighing less than 50kg may be ""easily blown away"".",2 days ago,Asia
Investors facing tariff turmoil: 'It's fastest finger first',Traders are trying to reckon with impact of Trump's shifting tariff policy.,3 days ago,Business
Australia's looming election brings housing crisis into focus,"Australia's housing crisis has hit its worst point in decades, becoming a key issue in the upcoming election.",3 hrs ago,Australia
US coffee shops worried about bitter price hike after tariffs,"Higher prices are worrying independent US coffee shops, which import almost all their beans.",2 days ago,US & Canada
"The Last of Us is back, and Indiana Jones launches on PS5: What's coming up this week","Warfare is also coming out, while new game Indiana Jones and the Great Circle is released.",12 hrs ago,Culture
McIlroy beats Rose in Masters play-off to seal career Grand Slam,Rory McIlroy achieves golfing immortality as he beats Justin Rose in a sudden-death play-off to finally win his first Masters title and complete the career Grand Slam in a hugely dramatic final round at Augusta National.,4 hrs ago,Golf
Do the super-rich 'deserve' their wealth?,Should there be a cap on billionaires' wealth and their inheritances?,15 Nov 2023,Future of business
Why Beijing is not backing down on tariffs,"Amid a trade war with the US, our China correspondent explains why Beijing doesn't need to change tactics.",3 days ago,World
"The Last of Us is back, and Indiana Jones launches on PS5: What's coming up this week","Warfare is also coming out, while new game Indiana Jones and the Great Circle is released.",11 hrs ago,Culture
'We had to put a smile on his face' - Newcastle dedicate win to Howe,"Newcastle players and staff dedicate their crushing win over Manchester United to boss Eddie Howe, who missed the match as he is in hospital.",7 hrs ago,Newcastle
"The Last of Us is back, and Indiana Jones launches on PS5: What's coming up this week","Warfare is also coming out, while new game Indiana Jones and the Great Circle is released.",11 hrs ago,Culture
Commencement speech: The surprising pitfall of your passions,Students are graduating in the US this week. The commencement speeches might lead them into questionable choices.,15 Nov 2023,Future of business
Hundreds of flights cancelled in China as strong winds hit capital,"State media outlets earlier warned that people weighing less than 50kg may be ""easily blown away"".",2 days ago,Asia
"Relatives charged after boy, nine, killed in accidental shooting","Two people, including a teenager, were arrested in relation to the incident.",1 hr ago,Australia
Was China the reason Guyana faced higher Trump tariff?,"A Guyanese political commentator says Washington objects to Beijing's ""very strong foothold"" in the country.",4 hrs ago,Business
The curious case of why a billionaire wants to buy UK's Royal Mail,"From the end of April, the 500-year-old Royal Mail will be controlled by Czech billionaire Daniel Kretinsky who co-owns a football club - but why does he want it?",5 hrs ago,BBC InDepth
Bayindir's failed Man Utd audition offers Onana dilemma,Altay Bayindir failed his audition to become Manchester United's first choice goalkeeper after Andre Onana was dropped for the defeat by Newcastle.,8 hrs ago,Man Utd
Australia's looming election brings housing crisis into focus,"Australia's housing crisis has hit its worst point in decades, becoming a key issue in the upcoming election.",2 hrs ago,Australia
MP barred from Hong Kong says it was to 'shut me up',"The MP for Bath says she was given no reason for being refused entry, and wants ""some answers"".",11 hrs ago,Asia
Veterinarian suicide rates are very high. Why?,Veterinarian professionals are committing suicide at a higher rate than the general population.,14 Nov 2023,Work Culture
Was China the reason Guyana faced higher Trump tariff?,"A Guyanese political commentator says Washington objects to Beijing's ""very strong foothold"" in the country.",4 hrs ago,Business
Ukraine's allies condemn Russia over deadly missile attack,"US Secretary of State Marco Rubio described Sunday's attack, which killed 34 people and injured 117, as ""horrifying"".",2 hrs ago,Europe
China urges US to 'completely cancel' tariffs,"China, which has retaliated with 125% tariffs, called for a ""return to the right path of mutual respect"".",8 hrs ago,World
"Trump may have backtracked, but this is far from over",There is an anxious wait to find out what comes next - and if a currency war will follow.,4 days ago,BBC InDepth
'Death is everywhere': Sudan camp residents shelter from attacks,"One person in Zamzam described things as ""extremely catastrophic"" after three days of assaults.",15 hrs ago,Africa
UK takes control of British Steel under emergency powers,"Business Secretary Jonathan Reynolds says nationalisation is ""likely"" next step as Parliament rushes law through.",1 day ago,Politics
'We had to put a smile on his face' - Newcastle dedicate win to Howe,"Newcastle players and staff dedicate their crushing win over Manchester United to boss Eddie Howe, who missed the match as he is in hospital.",7 hrs ago,Newcastle
Australia's looming election brings housing crisis into focus,"Australia's housing crisis has hit its worst point in decades, becoming a key issue in the upcoming election.",2 hrs ago,Australia
Severe floods hit Lanzarote after torrential rain,A state of emergency was declared in the Spanish Canary Island after 6cm (2.4in) of water fell in two hours on Saturday.,13 hrs ago,Europe
Boomerang CEOs: Do they ever succeed?,"Five years after being ousted from WeWork, Adam Neumann wants to re-buy the now-bankrupt business.",8 Feb 2024,Future of business
Trump's iPhone olive branch is a significant trade war retreat,Exempting electronics from US tariffs is a stunning about-turn by the Trump administration after 10 days of chaos.,18 hrs ago,Business
"OpenAI sues Elon Musk, claiming 'bad-faith tactics'",Claim follows Mr Musk's own lawsuit earlier this year against OpenAI's Sam Altman.,3 days ago,Technology
'Death is everywhere': Sudan camp residents shelter from attacks,"One person in Zamzam described things as ""extremely catastrophic"" after three days of assaults.",14 hrs ago,Africa
Australia's looming election brings housing crisis into focus,"Australia's housing crisis has hit its worst point in decades, becoming a key issue in the upcoming election.",3 hrs ago,Australia
Bangladesh issues arrest warrant for British MP Tulip Siddiq,"Lawyers acting for the ex-minister denied the charges, which they said were ""politically motivated"".",14 hrs ago,Politics
Relatives charged after boy killed in Australia shooting accident,"Two people, including a teenager, were arrested after the nine-year-old was shot on a farm on Sunday.",2 hrs ago,Australia
'I can't keep up': Trump's changing tariffs leave shoppers feeling paralysed,The rapid change of Trump's tariff policy has shoppers wondering if they should stock up or just wait this out.,21 hrs ago,US & Canada
'A fascinating contrast between team-mates and title contenders',"Lando Norris says ""something is just not clicking"" between him and his McLaren car so far this season.",7 hrs ago,Formula 1
China urges US to 'completely cancel' tariffs,"China, which has retaliated with 125% tariffs, called for a ""return to the right path of mutual respect"".",8 hrs ago,World
"The Last of Us is back, and Indiana Jones launches on PS5: What's coming up this week","Warfare is also coming out, while new game Indiana Jones and the Great Circle is released.",12 hrs ago,Culture
Relatives charged after boy killed in Australia shooting accident,"Two people, including a teenager, were arrested after the nine-year-old was shot on a farm on Sunday.",2 hrs ago,Australia
Ecuador's President Daniel Noboa wins re-election,"The sitting president's challenger in the closely fought race, Luisa González, has claimed fraud without producing evidence.",17 mins ago,Latin America
Playing with FIRE: How to quit work and retire in your 30s,A personal finance strategy popular among millennials is helping them to quit their job and retire decades early.,23 Apr 2024,Future of business
Severe floods hit Lanzarote after torrential rain,A state of emergency was declared in the Spanish Canary Island after 6cm (2.4in) of water fell in two hours on Saturday.,12 hrs ago,Europe
Salah laps up contract acclaim - now Van Dijk may follow 'next week',Mohamed Salah's goal and assist numbers show his worth to Liverpool as he sets the record for a 38-game Premier League season.,11 hrs ago,Liverpool
A desk full of descriptions for your work colleagues,These are the long lost words you've been waiting for to describe your colleagues.,14 Nov 2023,Work Culture
MP barred from Hong Kong says it was to 'shut me up',"The MP for Bath says she was given no reason for being refused entry, and wants ""some answers"".",11 hrs ago,Asia
Australia's looming election brings housing crisis into focus,"Australia's housing crisis has hit its worst point in decades, becoming a key issue in the upcoming election.",3 hrs ago,Australia
'People think he's intimidating but he's guileless': Daryl Hannah on her Neil Young film,"The actress shows a softer side to Neil Young, and discusses his fears of being barred from the US.",4 hrs ago,Somerset
Trump exempts smartphones and computers from new tariffs,"It follows concerns that tech prices could skyrocket, as many gadgets are made in China, with the US president saying he will give more detail on Monday.",1 day ago,World
Prada to buy rival fashion brand Versace for $1.36bn,The deal to unite the two Italian brands has an estimated value of $1.36bn (£1.06bn).,4 days ago,Business
Leaky Spurs leave Postecoglou facing date with destiny,"It is now or never in the Europa League for Ange Postecoglou after Spurs capitulate again at Wolves, says chief football writer Phil McNulty.",11 hrs ago,Tottenham
Bayindir's failed Man Utd audition offers Onana dilemma,Altay Bayindir failed his audition to become Manchester United's first choice goalkeeper after Andre Onana was dropped for the defeat by Newcastle.,7 hrs ago,Man Utd
'Pretty diabolical' - What Australians think of the housing crisis this election,The BBC spoke to people in Sydney about Australia's housing crisis and what they'd like to see politicians to do help.,25 mins ago,Australia
UK Royal Mail: The curious case of why a billionaire wants to buy what looks like a fading relic,"From the end of April, the 500-year-old Royal Mail will be controlled by Czech billionaire Daniel Kretinsky who co-owns a football club - but why does he want it?",4 hrs ago,BBC InDepth
Analysis: Trump's iPhone olive branch is a significant trade war retreat,Exempting electronics from US tariffs is a stunning about-turn by the Trump administration after 10 days of chaos.,18 hrs ago,Business
Ukraine's allies condemn Russia over deadly missile attack,"US President Donald Trump called Sunday's attack, which killed 34 people and injured 117, a ""horrible thing"".",28 mins ago,Europe
Why Beijing is not backing down on tariffs,"Amid a trade war with the US, our China correspondent explains why Beijing doesn't need to change tactics.",3 days ago,World
The curious case of why a billionaire wants to buy UK's Royal Mail,"From the end of April, the 500-year-old Royal Mail will be controlled by Czech billionaire Daniel Kretinsky who co-owns a football club - but why does he want it?",5 hrs ago,BBC InDepth
Trump had five tariff goals - has he achieved any of them?,The president made a partial reversal this week - here's a look at where it leaves five of his key ambitions.,3 days ago,World
'We had to put a smile on his face' - Newcastle dedicate win to Howe,"Newcastle players and staff dedicate their crushing win over Manchester United to boss Eddie Howe, who missed the match as he is in hospital.",8 hrs ago,Newcastle
Was China the reason Guyana faced higher Trump tariff?,"A Guyanese political commentator says Washington objects to Beijing's ""very strong foothold"" in the country.",5 hrs ago,Business
Week in Markets - 11 Apr 2025,A weekly summary of the big stories from financial markets around the world.,2 days ago,World of Business
Can supersonic flight ever be sustainable?,"How a new era of quiet, net zero supersonic airliners could revolutionise the aviation industry.",15 Nov 2023,Future of business
Salah laps up contract acclaim - now Van Dijk may follow 'next week',Mohamed Salah's goal and assist numbers show his worth to Liverpool as he sets the record for a 38-game Premier League season.,10 hrs ago,Liverpool
MP barred from Hong Kong says it was to 'shut me up',"The MP for Bath says she was given no reason for being refused entry, and wants ""some answers"".",10 hrs ago,Asia
"OpenAI sues Elon Musk, claiming 'bad-faith tactics'",Claim follows Mr Musk's own lawsuit earlier this year against OpenAI's Sam Altman.,3 days ago,Technology
How waiting alters our perception of time,Expert advice on how to get through a waiting period.,15 Nov 2023,Work Culture
Severe floods hit Lanzarote after torrential rain,A state of emergency was declared in the Spanish Canary Island after 6cm (2.4in) of water fell in two hours on Saturday.,13 hrs ago,Europe
Trump exempts smartphones and computers from new tariffs,"It follows concerns that tech prices could skyrocket, as many gadgets are made in China, with the US president saying he will give more detail on Monday.",1 day ago,World
MP barred from Hong Kong says it was to 'shut me up',"The MP for Bath says she was given no reason for being refused entry, and wants ""some answers"".",10 hrs ago,Asia
'We had to put a smile on his face' - Newcastle dedicate win to Howe,"Newcastle players and staff dedicate their crushing win over Manchester United to boss Eddie Howe, who missed the match as he is in hospital.",8 hrs ago,Newcastle
Solo and hybrid work: Navigating our future and new normal,Covid-19 reshaped the way we live and work. We rethink solo working and explore the future of work-life.,15 Nov 2023,Future of business
Why Beijing is not backing down on tariffs,"Amid a trade war with the US, our China correspondent explains why Beijing doesn't need to change tactics.",3 days ago,World
Ukraine's allies condemn Russia over deadly missile attack,"US President Donald Trump called Sunday's attack, which killed 34 people and injured 117, a ""horrible thing"".",28 mins ago,Europe
Women were the original beer brewers - what changed?,"Today, the beer industry is male-dominated, but it wasn't always so.",7 Dec 2023,Work Culture
Salah laps up contract acclaim - now Van Dijk may follow 'next week',Mohamed Salah's goal and assist numbers show his worth to Liverpool as he sets the record for a 38-game Premier League season.,10 hrs ago,Liverpool
Ukraine's allies condemn Russia over deadly missile attack,"US Secretary of State Marco Rubio described Sunday's attack, which killed 34 people and injured 117, as ""horrifying"".",2 hrs ago,Europe
Two American Airlines jets clip wings on ground at Reagan airport,At least two members of Congress were aboard one of the flights when the minor collision occurred.,3 days ago,US & Canada
'A fascinating contrast between team-mates and title contenders',"Lando Norris says ""something is just not clicking"" between him and his McLaren car so far this season.",6 hrs ago,Formula 1
Trump's iPhone olive branch is a significant trade war retreat,Exempting electronics from US tariffs is a stunning about-turn by the Trump administration after 10 days of chaos.,18 hrs ago,Business
UK economy grew more than expected in February,Analysts warn the unexpected growth could prove short-lived due to the threat of US tariffs and business tax rises.,3 days ago,Business
